"pick_number","name","code","year","all_star","all_nba1","all_nba2","all_nba3"
1,"Smith,Joe","smithjo02",1995,0,0,0,0
2,"McDyess,Antonio","mcdyean01",1995,1,0,0,1
3,"Stackhouse,Jerry","stackje01",1995,2,0,0,0
4,"Wallace,Rasheed","wallara01",1995,4,0,0,0
5,"Garnett,Kevin","garneke01",1995,15,4,3,2
6,"Reeves,Bryant","reevebr01",1995,0,0,0,0
7,"Stoudamire,Damon","stoudda01",1995,0,0,0,0
8,"Respert,Shawn","respesh01",1995,0,0,0,0
9,"O'Bannon,Ed","obanned01",1995,0,0,0,0
10,"Thomas,Kurt","thomaku01",1995,0,0,0,0
11,"Trent,Gary","trentga01",1995,0,0,0,0
12,"Parks,Cherokee","parksch02",1995,0,0,0,0
13,"Williamson,Corliss","willico02",1995,0,0,0,0
14,"Williams,Eric","willier01",1995,0,0,0,0
15,"Barry,Brent","barrybr01",1995,0,0,0,0
16,"Henderson,Alan","hendeal01",1995,0,0,0,0
17,"Sura,Bob","surabo01",1995,0,0,0,0
18,"Ratliff,Theo","ratlith01",1995,1,0,0,0
19,"Childress,Randolph","childra01",1995,0,0,0,0
20,"Caffey,Jason","caffeja01",1995,0,0,0,0
21,"Finley,Michael","finlemi01",1995,2,0,0,0
22,"Zídek,George","zidekge01",1995,0,0,0,0
23,"Best,Travis","besttr01",1995,0,0,0,0
24,"Meyer,Loren","meyerlo01",1995,0,0,0,0
25,"Vaughn,David","vaughda02",1995,0,0,0,0
26,"Ford,Sherell","fordsh01",1995,0,0,0,0
27,"Bennett,Mario","bennema01",1995,0,0,0,0
28,"Ostertag,Greg","ostergr01",1995,0,0,0,0
29,"Alexander,Cory","alexaco01",1995,0,0,0,0
30,"Roe,Lou","roelo01",1995,0,0,0,0
31,"Tarlać,Dragan","tarladr01",1995,0,0,0,0
32,"Rencher,Terrence","renchte01",1995,0,0,0,0
33,"Burrough,Junior","burroju01",1995,0,0,0,0
34,"DeClercq,Andrew","declean01",1995,0,0,0,0
35,"King,Jimmy","kingji02",1995,0,0,0,0
36,"Moten,Lawrence","motenla01",1995,0,0,0,0
37,"King,Frankie","kingfr01",1995,0,0,0,0
38,"Griffith,Rashard",NA,1995,0,0,0,0
39,"Marshall,Donny","marshdo02",1995,0,0,0,0
40,"Whitfield,Dwayne","whitfdw01",1995,0,0,0,0
41,"Meek,Erik",NA,1995,0,0,0,0
42,"Boyce,Donnie","boycedo01",1995,0,0,0,0
43,"Snow,Eric","snower01",1995,0,0,0,0
44,"Pelle,Anthony",NA,1995,0,0,0,0
45,"Brown,Troy",NA,1995,0,0,0,0
46,"Banks,George",NA,1995,0,0,0,0
47,"Edney,Tyus","edneyty01",1995,0,0,0,0
48,"Davis,Mark","davisma02",1995,0,0,0,0
49,"Allen,Jerome","allenje01",1995,0,0,0,0
50,"Lewis,Martin","lewisma01",1995,0,0,0,0
51,"Bodiroga,Dejan",NA,1995,0,0,0,0
52,"Hoiberg,Fred","hoibefr01",1995,0,0,0,0
53,"Popa,Constantin",NA,1995,0,0,0,0
54,"Zukauskas,Aurelijius",NA,1995,0,0,0,0
55,"McDonald,Michael","mcdonmi01",1995,0,0,0,0
56,"Carr,Chris","carrch01",1995,0,0,0,0
57,"Martin,Cuonzo","marticu01",1995,0,0,0,0
58,"Reid,Don","reiddo01",1995,0,0,0,0
1,"Iverson,Allen","iversal01",1996,11,3,3,1
2,"Camby,Marcus","cambyma01",1996,0,0,0,0
3,"Abdur-Rahim,Shareef","abdursh01",1996,1,0,0,0
4,"Marbury,Stephon","marbust01",1996,2,0,0,2
5,"Allen,Ray","allenra02",1996,10,0,1,1
6,"Walker,Antoine","walkean02",1996,3,0,0,0
7,"Wright,Lorenzen","wrighlo02",1996,0,0,0,0
8,"Kittles,Kerry","kittlke01",1996,0,0,0,0
9,"Walker,Samaki","walkesa01",1996,0,0,0,0
10,"Dampier,Erick","dampier01",1996,0,0,0,0
11,"Fuller,Todd","fulleto02",1996,0,0,0,0
12,"Potapenko,Vitaly","potapvi01",1996,0,0,0,0
13,"Bryant,Kobe","bryanko01",1996,18,11,2,2
14,"Stojaković,Peja","stojape01",1996,3,0,1,0
15,"Nash,Steve","nashst01",1996,8,3,2,2
16,"Delk,Tony","delkto01",1996,0,0,0,0
17,"O'Neal,Jermaine","onealje01",1996,6,0,1,2
18,"Wallace,John","wallajo01",1996,0,0,0,0
19,"McCarty,Walter","mccarwa01",1996,0,0,0,0
20,"Ilgauskas,Zydrunas","ilgauzy01",1996,2,0,0,0
21,"Jones,Dontae'","jonesdo01",1996,0,0,0,0
22,"Rogers,Roy","rogerro02",1996,0,0,0,0
23,"Rentzias,Efthimi","rentzef01",1996,0,0,0,0
24,"Fisher,Derek","fishede01",1996,0,0,0,0
25,"Müürsepp,Martin","muursma01",1996,0,0,0,0
26,"Williams,Jerome","willije01",1996,0,0,0,0
27,"Evans,Brian","evansbr01",1996,0,0,0,0
28,"Lauderdale,Priest","laudepr01",1996,0,0,0,0
29,"Knight,Travis","knightr01",1996,0,0,0,0
30,"Harrington,Othella","harriot01",1996,0,0,0,0
31,"Hendrickson,Mark","hendrma01",1996,0,0,0,0
32,"Minor,Ryan",NA,1996,0,0,0,0
33,"Norris,Moochie","norrimo01",1996,0,0,0,0
34,"Harvey,Shawn",NA,1996,0,0,0,0
35,"Blair,Joseph",NA,1996,0,0,0,0
36,"Sheffer,Doron",NA,1996,0,0,0,0
37,"McInnis,Jeff","mcinnje01",1996,0,0,0,0
38,"Hamer,Steve","hamerst01",1996,0,0,0,0
39,"Millard,Russ",NA,1996,0,0,0,0
40,"Mann,Marcus",NA,1996,0,0,0,0
41,"Sasser,Jason","sasseja01",1996,0,0,0,0
42,"Livingston,Randy","livinra01",1996,0,0,0,0
43,"Davis,Ben","davisbe01",1996,0,0,0,0
44,"Rose,Malik","rosema01",1996,0,0,0,0
45,"Vogel,Joe",NA,1996,0,0,0,0
46,"Brown,Marcus","brownma01",1996,0,0,0,0
47,"Riley,Ron",NA,1996,0,0,0,0
48,"Feick,Jamie","feickja01",1996,0,0,0,0
49,"McCaskill,Amal","mccasam01",1996,0,0,0,0
50,"Bell,Terrell",NA,1996,0,0,0,0
51,"Robinson,Chris","robinch01",1996,0,0,0,0
52,"Pope,Mark","popema01",1996,0,0,0,0
53,"Nordgaard,Jeff","nordgje01",1996,0,0,0,0
54,"Anderson,Shandon","andersh01",1996,0,0,0,0
55,"Henderson,Ronnie",NA,1996,0,0,0,0
56,"Geary,Reggie","gearyre01",1996,0,0,0,0
57,"Barry,Drew","barrydr01",1996,0,0,0,0
58,"Robinson,Darnell",NA,1996,0,0,0,0
1,"Duncan,Tim","duncati01",1997,15,10,3,2
2,"Van Horn,Keith","vanhoke01",1997,0,0,0,0
3,"Billups,Chauncey","billuch01",1997,5,0,1,2
4,"Daniels,Antonio","daniean01",1997,0,0,0,0
5,"Battie,Tony","battito01",1997,0,0,0,0
6,"Mercer,Ron","mercero01",1997,0,0,0,0
7,"Thomas,Tim","thomati01",1997,0,0,0,0
8,"Foyle,Adonal","foylead01",1997,0,0,0,0
9,"McGrady,Tracy","mcgratr01",1997,7,2,3,2
10,"Fortson,Danny","fortsda01",1997,0,0,0,0
11,"Abdul-Wahad,Tariq","abdulta01",1997,0,0,0,0
12,"Croshere,Austin","croshau01",1997,0,0,0,0
13,"Anderson,Derek","anderde01",1997,0,0,0,0
14,"Taylor,Maurice","tayloma01",1997,0,0,0,0
15,"Cato,Kelvin","catoke01",1997,0,0,0,0
16,"Knight,Brevin","knighbr01",1997,0,0,0,0
17,"Taylor,Johnny","taylojo01",1997,0,0,0,0
18,"Anstey,Chris","anstech01",1997,0,0,0,0
19,"Pollard,Scot","pollasc01",1997,0,0,0,0
20,"Grant,Paul","grantpa01",1997,0,0,0,0
21,"Parker,Anthony","parkean01",1997,0,0,0,0
22,"Gray,Ed","grayed01",1997,0,0,0,0
23,"Jackson,Bobby","jacksbo01",1997,0,0,0,0
24,"Rhodes,Rodrick","rhodero01",1997,0,0,0,0
25,"Thomas,John","thomajo02",1997,0,0,0,0
26,"Smith,Charles","smithch04",1997,0,0,0,0
27,"Vaughn,Jacque","vaughja01",1997,0,0,0,0
28,"Booth,Keith","boothke01",1997,0,0,0,0
29,"Zwikker,Serge",NA,1997,0,0,0,0
30,"Sanford,Mark",NA,1997,0,0,0,0
31,"O'Bannon,Charles","obannch01",1997,0,0,0,0
32,"Cotton,James","cottoja02",1997,0,0,0,0
33,"Milič,Marko","milicma01",1997,0,0,0,0
34,"Wells,Bubba","wellsbu01",1997,0,0,0,0
35,"Stewart,Kebu","stewake01",1997,0,0,0,0
36,"Collins,James","collija01",1997,0,0,0,0
37,"Jackson,Marc","jacksma02",1997,0,0,0,0
38,"Honeycutt,Jerald","honeyje01",1997,0,0,0,0
39,"Johnson,Anthony","johnsan02",1997,0,0,0,0
40,"Elisma,Eddie",NA,1997,0,0,0,0
41,"Lawson,Jason","lawsoja01",1997,0,0,0,0
42,"Jackson,Stephen","jacksst02",1997,0,0,0,0
43,"Malone,Gordon",NA,1997,0,0,0,0
44,"Henderson,Cedric","hendece02",1997,0,0,0,0
45,"Shammgod,God","shammgo01",1997,0,0,0,0
46,"Washington,Eric","washier01",1997,0,0,0,0
47,"Williams,Alvin","willial02",1997,0,0,0,0
48,"Drobnjak,Predrag","drobnpr01",1997,0,0,0,0
49,"Digbeu,Alain",NA,1997,0,0,0,0
50,"Crawford,Chris","crawfch01",1997,0,0,0,0
51,"Wheat,DeJuan","wheatde01",1997,0,0,0,0
52,"Bruton,C.J.",NA,1997,0,0,0,0
53,"Rogers,Paul",NA,1997,0,0,0,0
54,"Blount,Mark","blounma01",1997,0,0,0,0
55,"Pepper,Ben",NA,1997,0,0,0,0
56,"Erdmann,Nate",NA,1997,0,0,0,0
57,"Duenas,Roberto",NA,1997,0,0,0,0
1,"Olowokandi,Michael","olowomi01",1998,0,0,0,0
2,"Bibby,Mike","bibbymi01",1998,0,0,0,0
3,"LaFrentz,Raef","lafrera01",1998,0,0,0,0
4,"Jamison,Antawn","jamisan01",1998,2,0,0,0
5,"Carter,Vince","cartevi01",1998,8,0,1,1
6,"Traylor,Robert","traylro01",1998,0,0,0,0
7,"Williams,Jason","willija02",1998,0,0,0,0
8,"Hughes,Larry","hughela01",1998,0,0,0,0
9,"Nowitzki,Dirk","nowitdi01",1998,14,4,5,3
10,"Pierce,Paul","piercpa01",1998,10,0,1,3
11,"Wells,Bonzi","wellsbo01",1998,0,0,0,0
12,"Doleac,Michael","doleami01",1998,0,0,0,0
13,"Clark,Keon","clarkke01",1998,0,0,0,0
14,"Dickerson,Michael","dickemi01",1998,0,0,0,0
15,"Harpring,Matt","harprma01",1998,0,0,0,0
16,"Drew,Bryce","drewbr01",1998,0,0,0,0
17,"Nesterović,Rasho","nestera01",1998,0,0,0,0
18,"Türkcan,Mirsad","turkcmi01",1998,0,0,0,0
19,"Garrity,Pat","garripa01",1998,0,0,0,0
20,"McLeod,Roshown","mcleoro01",1998,0,0,0,0
21,"Davis,Ricky","davisri01",1998,0,0,0,0
22,"Skinner,Brian","skinnbr01",1998,0,0,0,0
23,"Lue,Tyronn","luety01",1998,0,0,0,0
24,"López,Felipe","lopezfe01",1998,0,0,0,0
25,"Harrington,Al","harrial01",1998,0,0,0,0
26,"Jacobson,Sam","jacobsa01",1998,0,0,0,0
27,"Stepania,Vladimir","stepavl01",1998,0,0,0,0
28,"Benjamin,Corey","benjaco01",1998,0,0,0,0
29,"Mohammed,Nazr","mohamna01",1998,0,0,0,0
30,"Sesay,Ansu","sesayan01",1998,0,0,0,0
31,"Patterson,Ruben","patteru01",1998,0,0,0,0
32,"Lewis,Rashard","lewisra02",1998,2,0,0,0
33,"McCoy,Jelani","mccoyje01",1998,0,0,0,0
34,"Williams,Shammond","willish01",1998,0,0,0,0
35,"Šundov,Bruno","sundobr01",1998,0,0,0,0
36,"James,Jerome","jamesje01",1998,0,0,0,0
37,"Shaw,Casey","shawca01",1998,0,0,0,0
38,"Johnson,DeMarco","johnsde02",1998,0,0,0,0
39,"Alston,Rafer","alstora01",1998,0,0,0,0
40,"Young,Korleone","youngko01",1998,0,0,0,0
41,"Mobley,Cuttino","moblecu01",1998,0,0,0,0
42,"Simon,Miles","simonmi01",1998,0,0,0,0
43,"White,Jahidi","whiteja01",1998,0,0,0,0
44,"Marks,Sean","marksse01",1998,0,0,0,0
45,"Bailey,Toby","baileto01",1998,0,0,0,0
46,"Patterson,Andrae","pattean01",1998,0,0,0,0
47,"Wheeler,Tyson","wheelty01",1998,0,0,0,0
48,"Stack,Ryan","stackry01",1998,0,0,0,0
49,"Carr,Cory","carrco01",1998,0,0,0,0
50,"Betts,Andrew",NA,1998,0,0,0,0
51,"Brewer,Corey",NA,1998,0,0,0,0
52,"Dial,Derrick","dialde01",1998,0,0,0,0
53,"Buckner,Greg","buckngr01",1998,0,0,0,0
54,"Fowlkes,Tremaine","fowlktr01",1998,0,0,0,0
55,"Bowen,Ryan","bowenry01",1998,0,0,0,0
56,"Henderson,J.R.","hendejr01",1998,0,0,0,0
57,"Braggs,Torraye","braggto01",1998,0,0,0,0
58,"Baston,Maceo","bastoma01",1998,0,0,0,0
1,"Brand,Elton","brandel01",1999,2,0,1,0
2,"Francis,Steve","francst01",1999,3,0,0,0
3,"Davis,Baron","davisba01",1999,2,0,0,1
4,"Odom,Lamar","odomla01",1999,0,0,0,0
5,"Bender,Jonathan","bendejo01",1999,0,0,0,0
6,"Szczerbiak,Wally","szczewa02",1999,1,0,0,0
7,"Hamilton,Richard","hamilri01",1999,3,0,0,0
8,"Miller,Andre","millean02",1999,0,0,0,0
9,"Marion,Shawn","mariosh01",1999,4,0,0,2
10,"Terry,Jason","terryja01",1999,0,0,0,0
11,"Langdon,Trajan","langdtr01",1999,0,0,0,0
12,"Radojević,Aleksandar","radojal01",1999,0,0,0,0
13,"Maggette,Corey","maggeco01",1999,0,0,0,0
14,"Avery,William","averywi01",1999,0,0,0,0
15,"Weis,Frederic",NA,1999,0,0,0,0
16,"World Peace,Metta","artesro01",1999,1,0,0,1
17,"Bowdler,Cal","bowdlca01",1999,0,0,0,0
18,"Posey,James","poseyja01",1999,0,0,0,0
19,"Lewis,Quincy","lewisqu01",1999,0,0,0,0
20,"Glover,Dion","glovedi01",1999,0,0,0,0
21,"Foster,Jeff","fosteje01",1999,0,0,0,0
22,"Thomas,Kenny","thomake01",1999,0,0,0,0
23,"George,Devean","georgde01",1999,0,0,0,0
24,"Kirilenko,Andrei","kirilan01",1999,1,0,0,0
25,"James,Tim","jamesti01",1999,0,0,0,0
26,"Cummings,Vonteego","cummivo01",1999,0,0,0,0
27,"Jones,Jumaine","jonesju01",1999,0,0,0,0
28,"Padgett,Scott","padgesc01",1999,0,0,0,0
29,"Smith,Leon","smithle01",1999,0,0,0,0
30,"Celestand,John","celesjo01",1999,0,0,0,0
31,"Hill,Rico",NA,1999,0,0,0,0
32,"Ruffin,Michael","ruffimi01",1999,0,0,0,0
33,"Herren,Chris","herrech01",1999,0,0,0,0
34,"Eschmeyer,Evan","eschmev01",1999,0,0,0,0
35,"Booth,Calvin","boothca01",1999,0,0,0,0
36,"Zhizhi,Wang","zhizhwa01",1999,0,0,0,0
37,"Ekezie,Obinna","ekeziob01",1999,0,0,0,0
38,"Profit,Laron","profila01",1999,0,0,0,0
39,"Bramlett,A.J.","bramlaj01",1999,0,0,0,0
40,"Giriček,Gordan","giricgo01",1999,0,0,0,0
41,"Elson,Francisco","elsonfr01",1999,0,0,0,0
42,"Bullock,Louis",NA,1999,0,0,0,0
43,"Nailon,Lee","nailole01",1999,0,0,0,0
44,"Washington,Tyrone",NA,1999,0,0,0,0
45,"Robertson,Ryan","roberry01",1999,0,0,0,0
46,"Koch,J.R.",NA,1999,0,0,0,0
47,"MacCulloch,Todd","maccuto01",1999,0,0,0,0
48,"Young,Galen",NA,1999,0,0,0,0
49,"Ketner,Lari","ketnela01",1999,0,0,0,0
50,"Hamilton,Venson","hamilve01",1999,0,0,0,0
51,"Smith,Antwain",NA,1999,0,0,0,0
52,"Bergersen,Roberto",NA,1999,0,0,0,0
53,"Buford,Rodney","buforro01",1999,0,0,0,0
54,"Levett,Melvin",NA,1999,0,0,0,0
55,"Clack,Kris",NA,1999,0,0,0,0
56,"Young,Tim","youngti01",1999,0,0,0,0
57,"Ginóbili,Manu","ginobma01",1999,2,0,0,2
58,"Lucas,Eddie",NA,1999,0,0,0,0
1,"Martin,Kenyon","martike01",2000,1,0,0,0
2,"Swift,Stromile","swiftst01",2000,0,0,0,0
3,"Miles,Darius","milesda01",2000,0,0,0,0
4,"Fizer,Marcus","fizerma01",2000,0,0,0,0
5,"Miller,Mike","millemi01",2000,0,0,0,0
6,"Johnson,DerMarr","johnsde03",2000,0,0,0,0
7,"Mihm,Chris","mihmch01",2000,0,0,0,0
8,"Crawford,Jamal","crawfja01",2000,0,0,0,0
9,"Przybilla,Joel","przybjo01",2000,0,0,0,0
10,"Dooling,Keyon","doolike01",2000,0,0,0,0
11,"Moïso,Jérôme","moisoje01",2000,0,0,0,0
12,"Thomas,Etan","thomaet01",2000,0,0,0,0
13,"Alexander,Courtney","alexaco02",2000,0,0,0,0
14,"Cleaves,Mateen","cleavma01",2000,0,0,0,0
15,"Collier,Jason","collija02",2000,0,0,0,0
16,"Türkoğlu,Hedo","turkohe01",2000,0,0,0,0
17,"Mason,Desmond","masonde01",2000,0,0,0,0
18,"Richardson,Quentin","richaqu01",2000,0,0,0,0
19,"Magloire,Jamaal","magloja01",2000,1,0,0,0
20,"Claxton,Speedy","claxtsp01",2000,0,0,0,0
21,"Peterson,Morris","petermo01",2000,0,0,0,0
22,"Harvey,Donnell","harvedo01",2000,0,0,0,0
23,"Stevenson,DeShawn","stevede01",2000,0,0,0,0
24,"Bagarić,Dalibor","bagarda01",2000,0,0,0,0
25,"Tsakalidis,Jake","tsakaja01",2000,0,0,0,0
26,"N'Diaye,Mamadou","ndiayma02",2000,0,0,0,0
27,"Brezec,Primož","brezepr01",2000,0,0,0,0
28,"Barkley,Erick","barkler01",2000,0,0,0,0
29,"Madsen,Mark","madsema01",2000,0,0,0,0
30,"Jarić,Marko","jaricma01",2000,0,0,0,0
31,"Langhi,Dan","langhda01",2000,0,0,0,0
32,"Guyton,A.J.","guytoaj01",2000,0,0,0,0
33,"Voskuhl,Jake","voskuja01",2000,0,0,0,0
34,"El-Amin,Khalid","elamikh01",2000,0,0,0,0
35,"Smith,Mike","smithmi03",2000,0,0,0,0
36,"Samake,Soumaila","samakso01",2000,0,0,0,0
37,"House,Eddie","houseed01",2000,0,0,0,0
38,"Nájera,Eduardo","najered01",2000,0,0,0,0
39,"Postell,Lavor","postela01",2000,0,0,0,0
40,"Möttölä,Hanno","mottoha01",2000,0,0,0,0
41,"Carrawell,Chris",NA,2000,0,0,0,0
42,"Oyedeji,Olumide","oyedeol01",2000,0,0,0,0
43,"Redd,Michael","reddmi01",2000,1,0,0,1
44,"Cardinal,Brian","cardibr01",2000,0,0,0,0
45,"Smith,Jabari","smithja01",2000,0,0,0,0
46,"Hulett,DeeAndre",NA,2000,0,0,0,0
47,"Sesar,Josip",NA,2000,0,0,0,0
48,"Karcher,Mark",NA,2000,0,0,0,0
49,"Hart,Jason","hartja01",2000,0,0,0,0
50,"Dickens,Kaniel","dickeka01",2000,0,0,0,0
51,"Rakočević,Igor","rakocig01",2000,0,0,0,0
52,"Brown,Ernest","browner01",2000,0,0,0,0
53,"McClintock,Dan","mcclida01",2000,0,0,0,0
54,"Hightower,Cory",NA,2000,0,0,0,0
55,"Porter,Chris","portech01",2000,0,0,0,0
56,"Walls,Jaquay",NA,2000,0,0,0,0
57,"Penn,Scoonie",NA,2000,0,0,0,0
58,"Mickeal,Pete",NA,2000,0,0,0,0
1,"Brown,Kwame","brownkw01",2001,0,0,0,0
2,"Chandler,Tyson","chandty01",2001,1,0,0,1
3,"Gasol,Pau","gasolpa01",2001,6,0,2,2
4,"Curry,Eddy","curryed01",2001,0,0,0,0
5,"Richardson,Jason","richaja01",2001,0,0,0,0
6,"Battier,Shane","battish01",2001,0,0,0,0
7,"Griffin,Eddie","griffed01",2001,0,0,0,0
8,"Diop,DeSagana","diopde01",2001,0,0,0,0
9,"White,Rodney","whitero02",2001,0,0,0,0
10,"Johnson,Joe","johnsjo02",2001,7,0,0,1
11,"Brown,Kedrick","brownke01",2001,0,0,0,0
12,"Radmanović,Vladimir","radmavl01",2001,0,0,0,0
13,"Jefferson,Richard","jefferi01",2001,0,0,0,0
14,"Murphy,Troy","murphtr01",2001,0,0,0,0
15,"Hunter,Steven","huntest01",2001,0,0,0,0
16,"Haston,Kirk","hastoki01",2001,0,0,0,0
17,"Bradley,Michael","bradlmi01",2001,0,0,0,0
18,"Collins,Jason","collija04",2001,0,0,0,0
19,"Randolph,Zach","randoza01",2001,2,0,0,1
20,"Haywood,Brendan","haywobr01",2001,0,0,0,0
21,"Forte,Joseph","fortejo01",2001,0,0,0,0
22,"Sasser,Jeryl","sasseje01",2001,0,0,0,0
23,"Armstrong,Brandon","armstbr01",2001,0,0,0,0
24,"López,Raül","lopezra01",2001,0,0,0,0
25,"Wallace,Gerald","wallage01",2001,1,0,0,0
26,"Dalembert,Samuel","dalemsa01",2001,0,0,0,0
27,"Tinsley,Jamaal","tinslja01",2001,0,0,0,0
28,"Parker,Tony","parketo01",2001,6,0,3,1
30,"Hassell,Trenton","hassetr01",2001,0,0,0,0
31,"Arenas,Gilbert","arenagi01",2001,3,0,1,2
32,"Cook,Omar","cookom01",2001,0,0,0,0
33,"Solomon,Will","solomwi01",2001,0,0,0,0
34,"Morris,Terence","morrite01",2001,0,0,0,0
35,"Scalabrine,Brian","scalabr01",2001,0,0,0,0
36,"Trepagnier,Jeff","trepaje01",2001,0,0,0,0
37,"Brown,Damone","brownda02",2001,0,0,0,0
38,"Okur,Mehmet","okurme01",2001,1,0,0,0
39,"Wright,Michael",NA,2001,0,0,0,0
40,"Watson,Earl","watsoea01",2001,0,0,0,0
41,"Brewer,Jamison","breweja01",2001,0,0,0,0
42,"Simmons,Bobby","simmobo01",2001,0,0,0,0
43,"Chenowith,Eric",NA,2001,0,0,0,0
44,"Hill,Kyle",NA,2001,0,0,0,0
45,"Lampley,Sean","lamplse01",2001,0,0,0,0
46,"Woods,Loren","woodslo01",2001,0,0,0,0
47,"Cisse,Ousmane",NA,2001,0,0,0,0
48,"Fotsis,Antonis","fotsian01",2001,0,0,0,0
49,"Johnson,Ken","johnske03",2001,0,0,0,0
50,"Boumtje-Boumtje,Ruben","boumtru01",2001,0,0,0,0
51,"Ford,Alton","fordal02",2001,0,0,0,0
52,"Hutson,Andre",NA,2001,0,0,0,0
53,"Collins,Jarron","collija03",2001,0,0,0,0
54,"Satterfield,Kenny","satteke01",2001,0,0,0,0
55,"Jeffers,Maurice",NA,2001,0,0,0,0
56,"Javtokas,Robertas","javtoro01",2001,0,0,0,0
57,"Jones,Alvin","jonesal01",2001,0,0,0,0
58,"Bracey,Bryan",NA,2001,0,0,0,0
1,"Ming,Yao","mingya01",2002,8,0,2,3
2,"Williams,Jay","willija03",2002,0,0,0,0
3,"Dunleavy,Mike","dunlemi02",2002,0,0,0,0
4,"Gooden,Drew","goodedr01",2002,0,0,0,0
5,"Tskitishvili,Nikoloz","tskitni01",2002,0,0,0,0
6,"Wagner,Dajuan","wagneda02",2002,0,0,0,0
7,"Hilário,Nenê","hilarne01",2002,0,0,0,0
8,"Wilcox,Chris","wilcoch01",2002,0,0,0,0
9,"Stoudemire,Amar'e","stoudam01",2002,6,1,4,0
10,"Butler,Caron","butleca01",2002,2,0,0,0
11,"Jeffries,Jared","jeffrja01",2002,0,0,0,0
12,"Ely,Melvin","elyme01",2002,0,0,0,0
13,"Haislip,Marcus","haislma01",2002,0,0,0,0
14,"Jones,Fred","jonesfr01",2002,0,0,0,0
15,"Nachbar,Boštjan","nachbbo01",2002,0,0,0,0
16,"Welsch,Jiří","welscji01",2002,0,0,0,0
17,"Dixon,Juan","dixonju01",2002,0,0,0,0
18,"Borchardt,Curtis","borchcu01",2002,0,0,0,0
19,"Humphrey,Ryan","humphry01",2002,0,0,0,0
20,"Rush,Kareem","rushka01",2002,0,0,0,0
21,"Woods,Qyntel","woodsqy01",2002,0,0,0,0
22,"Jacobsen,Casey","jacobca01",2002,0,0,0,0
23,"Prince,Tayshaun","princta01",2002,0,0,0,0
24,"Krstić,Nenad","krstine01",2002,0,0,0,0
25,"Williams,Frank","willifr02",2002,0,0,0,0
26,"Salmons,John","salmojo01",2002,0,0,0,0
27,"Jefferies,Chris","jeffech01",2002,0,0,0,0
28,"Dickau,Dan","dickada01",2002,0,0,0,0
30,"Logan,Steve",NA,2002,0,0,0,0
31,"Mason,Roger","masonro01",2002,0,0,0,0
32,"Archibald,Robert","archiro01",2002,0,0,0,0
33,"Yarbrough,Vincent","yarbrvi01",2002,0,0,0,0
34,"Gadzuric,Dan","gadzuda01",2002,0,0,0,0
35,"Boozer,Carlos","boozeca01",2002,2,0,0,1
36,"Vujanic,Milos",NA,2002,0,0,0,0
37,"Andersen,David","anderda03",2002,0,0,0,0
38,"Maddox,Tito","maddoti01",2002,0,0,0,0
39,"Grizzard,Rod",NA,2002,0,0,0,0
40,"Navarro,Juan Carlos","navarju01",2002,0,0,0,0
41,"Kasun,Mario","kasunma01",2002,0,0,0,0
42,"Murray,Ronald","murraro01",2002,0,0,0,0
43,"Jennings,Jason",NA,2002,0,0,0,0
44,"Baxter,Lonny","baxtelo01",2002,0,0,0,0
45,"Clancy,Sam",NA,2002,0,0,0,0
46,"Barnes,Matt","barnema02",2002,0,0,0,0
47,"Sampson,Jamal","sampsja01",2002,0,0,0,0
48,"Owens,Chris","owensch01",2002,0,0,0,0
49,"Fehse,Peter",NA,2002,0,0,0,0
50,"Songaila,Darius","songada01",2002,0,0,0,0
51,"Kammerichs,Federico",NA,2002,0,0,0,0
52,"Taylor,Marcus",NA,2002,0,0,0,0
53,"Butler,Rasual","butlera01",2002,0,0,0,0
54,"Slay,Tamar","slayta01",2002,0,0,0,0
55,"Sekularac,Mladen",NA,2002,0,0,0,0
56,"Scola,Luis","scolalu01",2002,0,0,0,0
57,"Holcomb,Randy","holcora01",2002,0,0,0,0
58,"Edwards,Corsley","edwarco01",2002,0,0,0,0
1,"James,LeBron","jamesle01",2003,16,12,2,1
2,"Miličić,Darko","milicda01",2003,0,0,0,0
3,"Anthony,Carmelo","anthoca01",2003,10,0,2,4
4,"Bosh,Chris","boshch01",2003,11,0,1,0
5,"Wade,Dwyane","wadedw01",2003,13,2,3,3
6,"Kaman,Chris","kamanch01",2003,1,0,0,0
7,"Hinrich,Kirk","hinriki01",2003,0,0,0,0
8,"Ford,T.J.","fordtj01",2003,0,0,0,0
9,"Sweetney,Mike","sweetmi01",2003,0,0,0,0
10,"Hayes,Jarvis","hayesja01",2003,0,0,0,0
11,"Piétrus,Mickaël","pietrmi01",2003,0,0,0,0
12,"Collison,Nick","collini01",2003,0,0,0,0
13,"Banks,Marcus","banksma01",2003,0,0,0,0
14,"Ridnour,Luke","ridnolu01",2003,0,0,0,0
15,"Gaines,Reece","gainere01",2003,0,0,0,0
16,"Bell,Troy","belltr01",2003,0,0,0,0
17,"Čabarkapa,Žarko","cabarza01",2003,0,0,0,0
18,"West,David","westda01",2003,2,0,0,0
19,"Pavlović,Sasha","pavloal01",2003,0,0,0,0
20,"Jones,Dahntay","jonesda02",2003,0,0,0,0
21,"Diaw,Boris","diawbo01",2003,0,0,0,0
22,"Planinić,Zoran","planizo01",2003,0,0,0,0
23,"Outlaw,Travis","outlatr01",2003,0,0,0,0
24,"Cook,Brian","cookbr01",2003,0,0,0,0
25,"Delfino,Carlos","delfica01",2003,0,0,0,0
26,"Ebi,Ndudi","ebind01",2003,0,0,0,0
27,"Perkins,Kendrick","perkike01",2003,0,0,0,0
28,"Barbosa,Leandro","barbole01",2003,0,0,0,0
29,"Howard,Josh","howarjo01",2003,1,0,0,0
30,"Lampe,Maciej","lampema01",2003,0,0,0,0
31,"Kapono,Jason","kaponja01",2003,0,0,0,0
32,"Walton,Luke","waltolu01",2003,0,0,0,0
33,"Beasley,Jerome","beaslje01",2003,0,0,0,0
34,"Schortsanitis,Sofoklis","schorso01",2003,0,0,0,0
35,"Szewczyk,Szymon","szewcsz01",2003,0,0,0,0
36,"Austin,Mario","austima01",2003,0,0,0,0
37,"Hansen,Travis","hansetr01",2003,0,0,0,0
38,"Blake,Steve","blakest01",2003,0,0,0,0
39,"Vraneš,Slavko","vranesl01",2003,0,0,0,0
40,"Zimmerman,Derrick","zimmede01",2003,0,0,0,0
41,"Green,Willie","greenwi01",2003,0,0,0,0
42,"Pachulia,Zaza","pachuza01",2003,0,0,0,0
43,"Bogans,Keith","boganke01",2003,0,0,0,0
44,"Badiane,Malick",NA,2003,0,0,0,0
45,"Bonner,Matt","bonnema01",2003,0,0,0,0
46,"Bečirovič,Sani","becirsa01",2003,0,0,0,0
47,"Williams,Mo","willima01",2003,1,0,0,0
48,"Lang,James","langja01",2003,0,0,0,0
49,"Jones,James","jonesja02",2003,0,0,0,0
50,"Morlende,Paccelis","morlepa01",2003,0,0,0,0
51,"Korver,Kyle","korveky01",2003,1,0,0,0
52,"Van de Hare,Remon",NA,2003,0,0,0,0
53,"Smith,Tommy",NA,2003,0,0,0,0
54,"Sinanović,Nedžad","sinanne01",2003,0,0,0,0
55,"Rickert,Rick",NA,2003,0,0,0,0
56,"Hunter,Brandon","huntebr01",2003,0,0,0,0
57,"Yuyang,Xue","yuyanxu01",2003,0,0,0,0
58,"Glyniadakis,Andreas","glynian01",2003,0,0,0,0
1,"Howard,Dwight","howardw01",2004,8,5,1,2
2,"Okafor,Emeka","okafoem01",2004,0,0,0,0
3,"Gordon,Ben","gordobe01",2004,0,0,0,0
4,"Livingston,Shaun","livinsh01",2004,0,0,0,0
5,"Harris,Devin","harride01",2004,1,0,0,0
6,"Childress,Josh","childjo01",2004,0,0,0,0
7,"Deng,Luol","denglu01",2004,2,0,0,0
8,"Araújo,Rafael","araujra01",2004,0,0,0,0
9,"Iguodala,Andre","iguodan01",2004,1,0,0,0
10,"Jackson,Luke","jackslu02",2004,0,0,0,0
11,"Biedriņš,Andris","biedran01",2004,0,0,0,0
12,"Swift,Robert","swiftro01",2004,0,0,0,0
13,"Telfair,Sebastian","telfase01",2004,0,0,0,0
14,"Humphries,Kris","humphkr01",2004,0,0,0,0
15,"Jefferson,Al","jeffeal01",2004,0,0,0,1
16,"Snyder,Kirk","snydeki01",2004,0,0,0,0
17,"Smith,Josh","smithjo03",2004,0,0,0,0
18,"Smith,J.R.","smithjr01",2004,0,0,0,0
19,"Wright,Dorell","wrighdo01",2004,0,0,0,0
20,"Nelson,Jameer","nelsoja01",2004,1,0,0,0
21,"Podkolzin,Pavel","podkopa01",2004,0,0,0,0
22,"Khryapa,Viktor","khryavi01",2004,0,0,0,0
23,"Monia,Sergei","moniase01",2004,0,0,0,0
24,"West,Delonte","westde01",2004,0,0,0,0
25,"Allen,Tony","allento01",2004,0,0,0,0
26,"Martin,Kevin","martike02",2004,0,0,0,0
27,"Vujačić,Sasha","vujacsa01",2004,0,0,0,0
28,"Udrih,Beno","udrihbe01",2004,0,0,0,0
29,"Harrison,David","harrida01",2004,0,0,0,0
30,"Varejão,Anderson","varejan01",2004,0,0,0,0
31,"Vroman,Jackson","vromaja01",2004,0,0,0,0
32,"Ramos,Peter John","ramospe01",2004,0,0,0,0
33,"Chalmers,Lionel","chalmli01",2004,0,0,0,0
34,"Smith,Donta","smithdo04",2004,0,0,0,0
35,"Emmett,Andre","emmetan01",2004,0,0,0,0
36,"Burks,Antonio","burksan01",2004,0,0,0,0
37,"Ivey,Royal","iveyro01",2004,0,0,0,0
38,"Duhon,Chris","duhonch01",2004,0,0,0,0
39,"Miralles,Albert","miralal01",2004,0,0,0,0
40,"Reed,Justin","reedju01",2004,0,0,0,0
41,"Young,David",NA,2004,0,0,0,0
42,"Sanikidze,Viktor","sanikvi01",2004,0,0,0,0
43,"Ariza,Trevor","arizatr01",2004,0,0,0,0
44,"Pickett,Tim",NA,2004,0,0,0,0
45,"Robinson,Bernard","robinbe01",2004,0,0,0,0
46,"Seung-Jin,Ha","seungha01",2004,0,0,0,0
47,"Sow,Pape","sowpa01",2004,0,0,0,0
48,"Minard,Ricky",NA,2004,0,0,0,0
49,"Lishouk,Sergei","lishcse01",2004,0,0,0,0
50,"Spanoulis,Vassilis","spanova01",2004,0,0,0,0
51,"Drejer,Christian",NA,2004,0,0,0,0
52,"Sato,Romain",NA,2004,0,0,0,0
53,"Freije,Matt","freijma01",2004,0,0,0,0
54,"Paulding,Rickey",NA,2004,0,0,0,0
55,"Flores,Luis","florelu01",2004,0,0,0,0
56,"Douthit,Marcus",NA,2004,0,0,0,0
57,"Karaulov,Sergei","karause01",2004,0,0,0,0
58,"Stepp,Blake",NA,2004,0,0,0,0
59,"Wright,Rashad",NA,2004,0,0,0,0
1,"Bogut,Andrew","bogutan01",2005,0,0,0,1
2,"Williams,Marvin","willima02",2005,0,0,0,0
3,"Williams,Deron","willide01",2005,3,0,2,0
4,"Paul,Chris","paulch01",2005,10,4,3,1
5,"Felton,Raymond","feltora01",2005,0,0,0,0
6,"Webster,Martell","webstma02",2005,0,0,0,0
7,"Villanueva,Charlie","villach01",2005,0,0,0,0
8,"Frye,Channing","fryech01",2005,0,0,0,0
9,"Diogu,Ike","dioguik01",2005,0,0,0,0
10,"Bynum,Andrew","bynuman01",2005,1,0,1,0
11,"Vázquez,Fran","vazqufr01",2005,0,0,0,0
12,"Korolev,Yaroslav","korolya01",2005,0,0,0,0
13,"May,Sean","mayse01",2005,0,0,0,0
14,"McCants,Rashad","mccanra01",2005,0,0,0,0
15,"Wright,Antoine","wrighan01",2005,0,0,0,0
16,"Graham,Joey","grahajo01",2005,0,0,0,0
17,"Granger,Danny","grangda01",2005,1,0,0,0
18,"Green,Gerald","greenge01",2005,0,0,0,0
19,"Warrick,Hakim","warriha01",2005,0,0,0,0
20,"Hodge,Julius","hodgeju01",2005,0,0,0,0
21,"Robinson,Nate","robinna01",2005,0,0,0,0
22,"Jack,Jarrett","jackja01",2005,0,0,0,0
23,"García,Francisco","garcifr01",2005,0,0,0,0
24,"Head,Luther","headlu01",2005,0,0,0,0
25,"Petro,Johan","petrojo01",2005,0,0,0,0
26,"Maxiell,Jason","maxieja01",2005,0,0,0,0
27,"Kleiza,Linas","kleizli01",2005,0,0,0,0
28,"Mahinmi,Ian","mahinia01",2005,0,0,0,0
29,"Simien,Wayne","simiewa01",2005,0,0,0,0
30,"Lee,David","leeda02",2005,2,0,0,1
31,"Stoudamire,Salim","stoudsa01",2005,0,0,0,0
32,"Ewing,Daniel","ewingda01",2005,0,0,0,0
33,"Bass,Brandon","bassbr01",2005,0,0,0,0
34,"Miles,C.J.","milescj01",2005,0,0,0,0
35,"Sanchez,Ricky",NA,2005,0,0,0,0
36,"İlyasova,Ersan","ilyaser01",2005,0,0,0,0
37,"Turiaf,Ronny","turiaro01",2005,0,0,0,0
38,"Diener,Travis","dienetr01",2005,0,0,0,0
39,"Wafer,Von","wafervo01",2005,0,0,0,0
40,"Ellis,Monta","ellismo01",2005,0,0,0,0
41,"Ukić,Roko","ukicro01",2005,0,0,0,0
42,"Taft,Chris","taftch01",2005,0,0,0,0
43,"Ilić,Mile","ilicmi01",2005,0,0,0,0
44,"Andriuškevičius,Martynas","andrima01",2005,0,0,0,0
45,"Williams,Lou","willilo02",2005,0,0,0,0
46,"Lorbek,Erazem","lorbeer01",2005,0,0,0,0
47,"Wright,Bracey","wrighbr02",2005,0,0,0,0
48,"Gelabale,Mickaël","gelabmi01",2005,0,0,0,0
49,"Blatche,Andray","blatcan01",2005,0,0,0,0
50,"Gomes,Ryan","gomesry01",2005,0,0,0,0
51,"Whaley,Robert","whalero01",2005,0,0,0,0
52,"Hervelle,Axel","herveax01",2005,0,0,0,0
53,"Greene,Orien","greenor01",2005,0,0,0,0
54,"Thompson,Dijon","thompdi01",2005,0,0,0,0
55,"Roberts,Lawrence","roberla01",2005,0,0,0,0
56,"Johnson,Amir","johnsam01",2005,0,0,0,0
57,"Gortat,Marcin","gortama01",2005,0,0,0,0
58,"Slokar,Uroš","slokaur01",2005,0,0,0,0
59,"Akyol,Cenk","akyolce01",2005,0,0,0,0
60,"Acker,Alex","ackeral01",2005,0,0,0,0
1,"Bargnani,Andrea","bargnan01",2006,0,0,0,0
2,"Aldridge,LaMarcus","aldrila01",2006,7,0,2,3
3,"Morrison,Adam","morriad01",2006,0,0,0,0
4,"Thomas,Tyrus","thomaty01",2006,0,0,0,0
5,"Williams,Shelden","willish02",2006,0,0,0,0
6,"Roy,Brandon","roybr01",2006,3,0,1,1
7,"Foye,Randy","foyera01",2006,0,0,0,0
8,"Gay,Rudy","gayru01",2006,0,0,0,0
9,"O'Bryant,Patrick","obryapa01",2006,0,0,0,0
10,"Sene,Mouhamed","senesa01",2006,0,0,0,0
11,"Redick,J.J.","redicjj01",2006,0,0,0,0
12,"Armstrong,Hilton","armsthi01",2006,0,0,0,0
13,"Sefolosha,Thabo","sefolth01",2006,0,0,0,0
14,"Brewer,Ronnie","brewero02",2006,0,0,0,0
15,"Simmons,Cedric","simmoce01",2006,0,0,0,0
16,"Carney,Rodney","carnero01",2006,0,0,0,0
17,"Williams,Shawne","willish03",2006,0,0,0,0
18,"Pecherov,Oleksiy","pecheol01",2006,0,0,0,0
19,"Douby,Quincy","doubyqu01",2006,0,0,0,0
20,"Balkman,Renaldo","balkmre01",2006,0,0,0,0
21,"Rondo,Rajon","rondora01",2006,4,0,0,1
22,"Williams,Marcus","willima03",2006,0,0,0,0
23,"Boone,Josh","boonejo01",2006,0,0,0,0
24,"Lowry,Kyle","lowryky01",2006,6,0,0,1
25,"Brown,Shannon","brownsh01",2006,0,0,0,0
26,"Farmar,Jordan","farmajo01",2006,0,0,0,0
27,"Rodríguez,Sergio","rodrise01",2006,0,0,0,0
28,"Ager,Maurice","agerma01",2006,0,0,0,0
29,"Collins,Mardy","collima01",2006,0,0,0,0
30,"Freeland,Joel","freeljo01",2006,0,0,0,0
31,"White,James","whiteja02",2006,0,0,0,0
32,"Novak,Steve","novakst01",2006,0,0,0,0
33,"Jones,Solomon","jonesso01",2006,0,0,0,0
34,"Davis,Paul","davispa01",2006,0,0,0,0
35,"Tucker,P.J.","tuckepj01",2006,0,0,0,0
36,"Smith,Craig","smithcr01",2006,0,0,0,0
37,"Jones,Bobby","jonesbo02",2006,0,0,0,0
38,"Perović,Kosta","perovko01",2006,0,0,0,0
39,"Noel,David","noelda01",2006,0,0,0,0
40,"Brown,Denham",NA,2006,0,0,0,0
41,"Augustine,James","augusja01",2006,0,0,0,0
42,"Gibson,Daniel","gibsoda01",2006,0,0,0,0
43,"Vinicius,Marcus","vincima01",2006,0,0,0,0
44,"Eliyahu,Lior","eliyali01",2006,0,0,0,0
45,"Johnson,Alexander","johnsal01",2006,0,0,0,0
46,"Brown,Dee","brownde03",2006,0,0,0,0
47,"Millsap,Paul","millspa01",2006,4,0,0,0
48,"Veremeenko,Vladimir","veremvl01",2006,0,0,0,0
49,"Powe,Leon","powele01",2006,0,0,0,0
50,"Hollins,Ryan","holliry01",2006,0,0,0,0
51,"Samb,Cheikh","sambch01",2006,0,0,0,0
52,"Díaz,Guillermo","diazgu01",2006,0,0,0,0
53,"Halperin,Yotam","halpeyo01",2006,0,0,0,0
54,"Adams,Hassan","adamsha01",2006,0,0,0,0
55,"Ugboaja,Ejike","ugboaej01",2006,0,0,0,0
56,"Bavčić,Edin","bavcied01",2006,0,0,0,0
57,"Mavrokefalidis,Loukas",NA,2006,0,0,0,0
58,"Pinnock,J.R.",NA,2006,0,0,0,0
59,"Markota,Damir","markoda01",2006,0,0,0,0
60,"Blalock,Will","blalowi01",2006,0,0,0,0
1,"Oden,Greg","odengr01",2007,0,0,0,0
2,"Durant,Kevin","duranke01",2007,10,6,3,0
3,"Horford,Al","horfoal01",2007,5,0,0,1
4,"Conley,Mike","conlemi01",2007,0,0,0,0
5,"Green,Jeff","greenje02",2007,0,0,0,0
6,"Jianlian,Yi","jianlyi01",2007,0,0,0,0
7,"Brewer,Corey","breweco01",2007,0,0,0,0
8,"Wright,Brandan","wrighbr03",2007,0,0,0,0
9,"Noah,Joakim","noahjo01",2007,2,1,0,0
10,"Hawes,Spencer","hawessp01",2007,0,0,0,0
11,"Law,Acie","lawac01",2007,0,0,0,0
12,"Young,Thaddeus","youngth01",2007,0,0,0,0
13,"Wright,Julian","wrighju01",2007,0,0,0,0
14,"Thornton,Al","thornal01",2007,0,0,0,0
15,"Stuckey,Rodney","stuckro01",2007,0,0,0,0
16,"Young,Nick","youngni01",2007,0,0,0,0
17,"Williams,Sean","willise01",2007,0,0,0,0
18,"Belinelli,Marco","belinma01",2007,0,0,0,0
19,"Crittenton,Javaris","crittja01",2007,0,0,0,0
20,"Smith,Jason","smithja02",2007,0,0,0,0
21,"Cook,Daequan","cookda02",2007,0,0,0,0
22,"Dudley,Jared","dudleja01",2007,0,0,0,0
23,"Chandler,Wilson","chandwi01",2007,0,0,0,0
24,"Fernández,Rudy","fernaru01",2007,0,0,0,0
25,"Almond,Morris","almonmo01",2007,0,0,0,0
26,"Brooks,Aaron","brookaa01",2007,0,0,0,0
27,"Afflalo,Arron","afflaar01",2007,0,0,0,0
28,"Splitter,Tiago","splitti01",2007,0,0,0,0
29,"Tucker,Alando","tuckeal02",2007,0,0,0,0
30,"Koponen,Petteri","koponpe01",2007,0,0,0,0
31,"Landry,Carl","landrca01",2007,0,0,0,0
32,"Pruitt,Gabe","pruitga01",2007,0,0,0,0
33,"Williams,Marcus","willima04",2007,0,0,0,0
34,"Fazekas,Nick","fazekni01",2007,0,0,0,0
35,"Davis,Glen","davisgl01",2007,0,0,0,0
36,"Davidson,Jermareo","davidje01",2007,0,0,0,0
37,"McRoberts,Josh","mcrobjo01",2007,0,0,0,0
38,"Fesenko,Kyrylo","fesenky01",2007,0,0,0,0
39,"Barać,Stanko","baracst01",2007,0,0,0,0
40,"Yue,Sun","yuesu01",2007,0,0,0,0
41,"Richard,Chris","richach01",2007,0,0,0,0
42,"Byars,Derrick","byarsde01",2007,0,0,0,0
43,"Haluska,Adam",NA,2007,0,0,0,0
44,"Terry,Reyshawn",NA,2007,0,0,0,0
45,"Jordan,Jared",NA,2007,0,0,0,0
46,"Lasme,Stéphane","lasmest01",2007,0,0,0,0
47,"McGuire,Dominic","mcguido01",2007,0,0,0,0
48,"Gasol,Marc","gasolma01",2007,3,1,1,0
49,"Gray,Aaron","grayaa01",2007,0,0,0,0
50,"Seibutis,Renaldas","seibure01",2007,0,0,0,0
51,"Curry,JamesOn","curryja01",2007,0,0,0,0
52,"Green,Taurean","greenta01",2007,0,0,0,0
53,"Nichols,Demetris","nichode01",2007,0,0,0,0
54,"Newley,Brad","newlebr01",2007,0,0,0,0
55,"Hill,Herbert",NA,2007,0,0,0,0
56,"Sessions,Ramon","sessira01",2007,0,0,0,0
57,"Mejia,Sammy",NA,2007,0,0,0,0
58,"Printezis,Georgios","printgi01",2007,0,0,0,0
59,"Strawberry,D.J.","strawdj01",2007,0,0,0,0
60,"Raković,Milovan","rakovmi01",2007,0,0,0,0
1,"Rose,Derrick","rosede01",2008,3,1,0,0
2,"Beasley,Michael","beaslmi01",2008,0,0,0,0
3,"Mayo,O.J.","mayooj01",2008,0,0,0,0
4,"Westbrook,Russell","westbru01",2008,9,2,5,1
5,"Love,Kevin","loveke01",2008,5,0,2,0
6,"Gallinari,Danilo","gallida01",2008,0,0,0,0
7,"Gordon,Eric","gordoer01",2008,0,0,0,0
8,"Alexander,Joe","alexajo01",2008,0,0,0,0
9,"Augustin,D.J.","augusdj01",2008,0,0,0,0
10,"Lopez,Brook","lopezbr01",2008,1,0,0,0
11,"Bayless,Jerryd","bayleje01",2008,0,0,0,0
12,"Thompson,Jason","thompja02",2008,0,0,0,0
13,"Rush,Brandon","rushbr01",2008,0,0,0,0
14,"Randolph,Anthony","randoan01",2008,0,0,0,0
15,"Lopez,Robin","lopezro01",2008,0,0,0,0
16,"Speights,Marreese","speigma01",2008,0,0,0,0
17,"Hibbert,Roy","hibbero01",2008,2,0,0,0
18,"McGee,JaVale","mcgeeja01",2008,0,0,0,0
19,"Hickson,J.J.","hicksjj01",2008,0,0,0,0
20,"Ajinça,Alexis","ajincal01",2008,0,0,0,0
21,"Anderson,Ryan","anderry01",2008,0,0,0,0
22,"Lee,Courtney","leeco01",2008,0,0,0,0
23,"Koufos,Kosta","koufoko01",2008,0,0,0,0
24,"Ibaka,Serge","ibakase01",2008,0,0,0,0
25,"Batum,Nicolas","batumni01",2008,0,0,0,0
26,"Hill,George","hillge01",2008,0,0,0,0
27,"Arthur,Darrell","arthuda01",2008,0,0,0,0
28,"Greene,Donté","greendo01",2008,0,0,0,0
29,"White,D.J.","whitedj01",2008,0,0,0,0
30,"Giddens,J.R.","giddejr01",2008,0,0,0,0
31,"Peković,Nikola","pekovni01",2008,0,0,0,0
32,"Sharpe,Walter","sharpwa01",2008,0,0,0,0
33,"Dorsey,Joey","dorsejo01",2008,0,0,0,0
34,"Chalmers,Mario","chalmma01",2008,0,0,0,0
35,"Jordan,DeAndre","jordade01",2008,1,1,0,2
36,"Aşık,Ömer","asikom01",2008,0,0,0,0
37,"Mbah a Moute,Luc","mbahalu01",2008,0,0,0,0
38,"Weaver,Kyle","weaveky01",2008,0,0,0,0
39,"Weems,Sonny","weemsso01",2008,0,0,0,0
40,"Douglas-Roberts,Chris","douglch01",2008,0,0,0,0
41,"Jawai,Nathan","jawaina01",2008,0,0,0,0
42,"Singletary,Sean","singlse01",2008,0,0,0,0
43,"Ewing,Patrick","ewingpa02",2008,0,0,0,0
44,"Tomić,Ante","tomican01",2008,0,0,0,0
45,"Dragić,Goran","dragigo01",2008,1,0,0,1
46,"Plaisted,Trent",NA,2008,0,0,0,0
47,"Walker,Henry","walkebi01",2008,0,0,0,0
48,"Hairston,Malik","hairsma01",2008,0,0,0,0
49,"Hendrix,Richard",NA,2008,0,0,0,0
50,"Hardin,DeVon","hardide01",2008,0,0,0,0
51,"Foster,Shan",NA,2008,0,0,0,0
52,"Jackson,Darnell","jacksda01",2008,0,0,0,0
53,"Dragićević,Tadija","dragita01",2008,0,0,0,0
54,"Leunen,Maarty","leunema01",2008,0,0,0,0
55,"Taylor,Mike","taylomi01",2008,0,0,0,0
56,"Kaun,Sasha","kaunsa01",2008,0,0,0,0
57,"Gist,James",NA,2008,0,0,0,0
58,"Crawford,Joe","crawfjo01",2008,0,0,0,0
59,"Washington,Deron",NA,2008,0,0,0,0
60,"Erden,Semih","erdense01",2008,0,0,0,0
1,"Griffin,Blake","griffbl01",2009,6,0,3,2
2,"Thabeet,Hasheem","thabeha01",2009,0,0,0,0
3,"Harden,James","hardeja01",2009,8,5,0,1
4,"Evans,Tyreke","evansty01",2009,0,0,0,0
5,"Rubio,Ricky","rubiori01",2009,0,0,0,0
6,"Flynn,Jonny","flynnjo01",2009,0,0,0,0
7,"Curry,Stephen","curryst01",2009,6,3,2,1
8,"Hill,Jordan","hilljo01",2009,0,0,0,0
9,"DeRozan,DeMar","derozde01",2009,4,0,1,1
10,"Jennings,Brandon","jennibr01",2009,0,0,0,0
11,"Williams,Terrence","willite01",2009,0,0,0,0
12,"Henderson,Gerald","hendege02",2009,0,0,0,0
13,"Hansbrough,Tyler","hansbty01",2009,0,0,0,0
14,"Clark,Earl","clarkea01",2009,0,0,0,0
15,"Daye,Austin","dayeau01",2009,0,0,0,0
16,"Johnson,James","johnsja01",2009,0,0,0,0
17,"Holiday,Jrue","holidjr01",2009,1,0,0,0
18,"Lawson,Ty","lawsoty01",2009,0,0,0,0
19,"Teague,Jeff","teaguje01",2009,1,0,0,0
20,"Maynor,Eric","maynoer01",2009,0,0,0,0
21,"Collison,Darren","collida01",2009,0,0,0,0
22,"Claver,Victor","clavevi01",2009,0,0,0,0
23,"Casspi,Omri","casspom01",2009,0,0,0,0
24,"Mullens,Byron","mulleby01",2009,0,0,0,0
25,"Beaubois,Rodrigue","beaubro01",2009,0,0,0,0
26,"Gibson,Taj","gibsota01",2009,0,0,0,0
27,"Carroll,DeMarre","carrode01",2009,0,0,0,0
28,"Ellington,Wayne","ellinwa01",2009,0,0,0,0
29,"Douglas,Toney","douglto01",2009,0,0,0,0
30,"Eyenga,Christian","eyengch01",2009,0,0,0,0
31,"Ayres,Jeff","pendeje02",2009,0,0,0,0
32,"Taylor,Jermaine","tayloje02",2009,0,0,0,0
33,"Cunningham,Dante","cunnida01",2009,0,0,0,0
34,"Llull,Sergio","llullse01",2009,0,0,0,0
35,"Summers,DaJuan","summeda01",2009,0,0,0,0
36,"Young,Sam","youngsa01",2009,0,0,0,0
37,"Blair,DeJuan","blairde01",2009,0,0,0,0
38,"Brockman,Jon","brockjo01",2009,0,0,0,0
39,"Jerebko,Jonas","jerebjo01",2009,0,0,0,0
40,"Brown,Derrick","brownde04",2009,0,0,0,0
41,"Meeks,Jodie","meeksjo01",2009,0,0,0,0
42,"Beverley,Patrick","beverpa01",2009,0,0,0,0
43,"Thornton,Marcus","thornma01",2009,0,0,0,0
44,"Budinger,Chase","budinch01",2009,0,0,0,0
45,"Calathes,Nick","calatni01",2009,0,0,0,0
46,"Green,Danny","greenda02",2009,0,0,0,0
47,"Norel,Henk","norelhe01",2009,0,0,0,0
48,"Griffin,Taylor","griffta01",2009,0,0,0,0
49,"Gladyr,Sergiy","gladyse01",2009,0,0,0,0
50,"Suton,Goran",NA,2009,0,0,0,0
51,"McClinton,Jack",NA,2009,0,0,0,0
52,"Price,A.J.","priceaj01",2009,0,0,0,0
53,"De Colo,Nando","decolna01",2009,0,0,0,0
54,"Vaden,Robert",NA,2009,0,0,0,0
55,"Mills,Patty","millspa02",2009,0,0,0,0
56,"Nivins,Ahmad",NA,2009,0,0,0,0
57,"Preldžić,Emir","preldem01",2009,0,0,0,0
58,"Hudson,Lester","hudsole01",2009,0,0,0,0
59,"Elonu,Chinemelu","elonuch01",2009,0,0,0,0
60,"Dozier,Robert",NA,2009,0,0,0,0
1,"Wall,John","walljo01",2010,5,0,0,1
2,"Turner,Evan","turneev01",2010,0,0,0,0
3,"Favors,Derrick","favorde01",2010,0,0,0,0
4,"Johnson,Wesley","johnswe01",2010,0,0,0,0
5,"Cousins,DeMarcus","couside01",2010,4,0,2,0
6,"Udoh,Ekpe","udohek01",2010,0,0,0,0
7,"Monroe,Greg","monrogr01",2010,0,0,0,0
8,"Aminu,Al-Farouq","aminual01",2010,0,0,0,0
9,"Hayward,Gordon","haywago01",2010,1,0,0,0
10,"George,Paul","georgpa01",2010,6,1,0,4
11,"Aldrich,Cole","aldrico01",2010,0,0,0,0
12,"Henry,Xavier","henryxa01",2010,0,0,0,0
13,"Davis,Ed","davised01",2010,0,0,0,0
14,"Patterson,Patrick","pattepa01",2010,0,0,0,0
15,"Sanders,Larry","sandela01",2010,0,0,0,0
16,"Babbitt,Luke","babbilu01",2010,0,0,0,0
17,"Séraphin,Kevin","serapke01",2010,0,0,0,0
18,"Bledsoe,Eric","bledser01",2010,0,0,0,0
19,"Bradley,Avery","bradlav01",2010,0,0,0,0
20,"Anderson,James","anderja01",2010,0,0,0,0
21,"Brackins,Craig","brackcr01",2010,0,0,0,0
22,"Williams,Elliot","williel01",2010,0,0,0,0
23,"Booker,Trevor","booketr01",2010,0,0,0,0
24,"James,Damion","jamesda01",2010,0,0,0,0
25,"Jones,Dominique","jonesdo02",2010,0,0,0,0
26,"Pondexter,Quincy","pondequ01",2010,0,0,0,0
27,"Crawford,Jordan","crawfjo02",2010,0,0,0,0
28,"Vásquez,Greivis","vasqugr01",2010,0,0,0,0
29,"Orton,Daniel","ortonda01",2010,0,0,0,0
30,"Hayward,Lazar","haywala01",2010,0,0,0,0
31,"Pleiß,Tibor","pleisti01",2010,0,0,0,0
32,"Pittman,Dexter","pittmde01",2010,0,0,0,0
33,"Whiteside,Hassan","whiteha01",2010,0,0,0,0
34,"Johnson,Armon","johnsar02",2010,0,0,0,0
35,"Bjelica,Nemanja","bjeline01",2010,0,0,0,0
36,"White,Terrico",NA,2010,0,0,0,0
37,"Hobson,Darington","hobsoda01",2010,0,0,0,0
38,"Rautins,Andy","rautian01",2010,0,0,0,0
39,"Fields,Landry","fieldla01",2010,0,0,0,0
40,"Stephenson,Lance","stephla01",2010,0,0,0,0
41,"Varnado,Jarvis","varnaja01",2010,0,0,0,0
42,"Butler,Da'Sean",NA,2010,0,0,0,0
43,"Ebanks,Devin","ebankde01",2010,0,0,0,0
44,"Jordan,Jerome","jordaje01",2010,0,0,0,0
45,"Prestes,Paulo","prestpa01",2010,0,0,0,0
46,"Lawal,Gani","lawalga01",2010,0,0,0,0
47,"Gallon,Tiny",NA,2010,0,0,0,0
48,"Williams,Latavious","willila01",2010,0,0,0,0
49,"Richards,Ryan","richary01",2010,0,0,0,0
50,"Alabi,Solomon","alabiso01",2010,0,0,0,0
51,"Rolle,Magnum",NA,2010,0,0,0,0
52,"Harangody,Luke","haranlu01",2010,0,0,0,0
53,"Sy,Pape","sypa01",2010,0,0,0,0
54,"Warren,Willie","warrewi01",2010,0,0,0,0
55,"Evans,Jeremy","evansje01",2010,0,0,0,0
56,"N'Diaye,Hamady","ndiayha01",2010,0,0,0,0
57,"Reid,Ryan","reidry01",2010,0,0,0,0
58,"Caracter,Derrick","caracde01",2010,0,0,0,0
59,"Robinson,Stanley",NA,2010,0,0,0,0
60,"Collins,Dwayne","collidw01",2010,0,0,0,0
1,"Irving,Kyrie","irvinky01",2011,6,0,1,1
2,"Williams,Derrick","willide02",2011,0,0,0,0
3,"Kanter,Enes","kanteen01",2011,0,0,0,0
4,"Thompson,Tristan","thomptr01",2011,0,0,0,0
5,"Valančiūnas,Jonas","valanjo01",2011,0,0,0,0
6,"Veselý,Jan","veselja01",2011,0,0,0,0
7,"Biyombo,Bismack","biyombi01",2011,0,0,0,0
8,"Knight,Brandon","knighbr03",2011,0,0,0,0
9,"Walker,Kemba","walkeke02",2011,4,0,0,1
10,"Fredette,Jimmer","fredeji01",2011,0,0,0,0
11,"Thompson,Klay","thompkl01",2011,5,0,0,2
12,"Burks,Alec","burksal01",2011,0,0,0,0
13,"Morris,Markieff","morrima02",2011,0,0,0,0
14,"Morris,Marcus","morrima03",2011,0,0,0,0
15,"Leonard,Kawhi","leonaka01",2011,4,2,1,0
16,"Vučević,Nikola","vucevni01",2011,1,0,0,0
17,"Shumpert,Iman","shumpim01",2011,0,0,0,0
18,"Singleton,Chris","singlch01",2011,0,0,0,0
19,"Harris,Tobias","harrito02",2011,0,0,0,0
20,"Motiejūnas,Donatas","motiedo01",2011,0,0,0,0
21,"Smith,Nolan","smithno01",2011,0,0,0,0
22,"Faried,Kenneth","farieke01",2011,0,0,0,0
23,"Mirotić,Nikola","mirotni01",2011,0,0,0,0
24,"Jackson,Reggie","jacksre01",2011,0,0,0,0
25,"Brooks,MarShon","brookma01",2011,0,0,0,0
26,"Hamilton,Jordan","hamiljo02",2011,0,0,0,0
27,"Johnson,JaJuan","johnsja02",2011,0,0,0,0
28,"Cole,Norris","coleno01",2011,0,0,0,0
29,"Joseph,Cory","josepco01",2011,0,0,0,0
30,"Butler,Jimmy","butleji01",2011,5,0,0,2
31,"Bogdanović,Bojan","bogdabo02",2011,0,0,0,0
32,"Harper,Justin","harpeju01",2011,0,0,0,0
33,"Singler,Kyle","singlky01",2011,0,0,0,0
34,"Mack,Shelvin","macksh01",2011,0,0,0,0
35,"Honeycutt,Tyler","honeyty01",2011,0,0,0,0
36,"Williams,Jordan","willijo03",2011,0,0,0,0
37,"Thompkins,Trey","thomptr02",2011,0,0,0,0
38,"Parsons,Chandler","parsoch01",2011,0,0,0,0
39,"Tyler,Jeremy","tylerje01",2011,0,0,0,0
40,"Leuer,Jon","leuerjo01",2011,0,0,0,0
41,"Morris,Darius","morrida01",2011,0,0,0,0
42,"Bertāns,Dāvis","bertada01",2011,0,0,0,0
43,"Lee,Malcolm","leema01",2011,0,0,0,0
44,"Jenkins,Charles","jenkich01",2011,0,0,0,0
45,"Harrellson,Josh","harrejo01",2011,0,0,0,0
46,"Goudelock,Andrew","goudean01",2011,0,0,0,0
47,"Leslie,Travis","leslitr01",2011,0,0,0,0
48,"Benson,Keith","bensoke02",2011,0,0,0,0
49,"Selby,Josh","selbyjo01",2011,0,0,0,0
50,"Allen,Lavoy","allenla01",2011,0,0,0,0
51,"Diebler,Jon","diebljo01",2011,0,0,0,0
52,"Macklin,Vernon","macklve01",2011,0,0,0,0
53,"Liggins,DeAndre","liggide01",2011,0,0,0,0
54,"Mačvan,Milan","macvami01",2011,0,0,0,0
55,"Moore,E'Twaun","mooreet01",2011,0,0,0,0
56,"Maduabum,Chukwudiebere","maduach01",2011,0,0,0,0
57,"Ngombo,Targuy",NA,2011,0,0,0,0
58,"Majok,Ater","majokat01",2011,0,0,0,0
59,"Hanga,Ádám","hangaad01",2011,0,0,0,0
60,"Thomas,Isaiah","thomais02",2011,2,0,1,0
1,"Davis,Anthony","davisan02",2012,7,3,0,0
2,"Kidd-Gilchrist,Michael","kiddgmi01",2012,0,0,0,0
3,"Beal,Bradley","bealbr01",2012,2,0,0,0
4,"Waiters,Dion","waitedi01",2012,0,0,0,0
5,"Robinson,Thomas","robinth01",2012,0,0,0,0
6,"Lillard,Damian","lillada01",2012,5,1,2,1
7,"Barnes,Harrison","barneha02",2012,0,0,0,0
8,"Ross,Terrence","rosste01",2012,0,0,0,0
9,"Drummond,Andre","drumman01",2012,2,0,0,1
10,"Rivers,Austin","riverau01",2012,0,0,0,0
11,"Leonard,Meyers","leoname01",2012,0,0,0,0
12,"Lamb,Jeremy","lambje01",2012,0,0,0,0
13,"Marshall,Kendall","marshke01",2012,0,0,0,0
14,"Henson,John","hensojo01",2012,0,0,0,0
15,"Harkless,Maurice","harklma01",2012,0,0,0,0
16,"White,Royce","whitero03",2012,0,0,0,0
17,"Zeller,Tyler","zellety01",2012,0,0,0,0
18,"Jones,Terrence","joneste01",2012,0,0,0,0
19,"Nicholson,Andrew","nichoan01",2012,0,0,0,0
20,"Fournier,Evan","fournev01",2012,0,0,0,0
21,"Sullinger,Jared","sullija01",2012,0,0,0,0
22,"Melo,Fab","melofa01",2012,0,0,0,0
23,"Jenkins,John","jenkijo01",2012,0,0,0,0
24,"Cunningham,Jared","cunnija01",2012,0,0,0,0
25,"Wroten,Tony","wroteto01",2012,0,0,0,0
26,"Plumlee,Miles","plumlmi01",2012,0,0,0,0
27,"Moultrie,Arnett","moultar01",2012,0,0,0,0
28,"Jones,Perry","jonespe01",2012,0,0,0,0
29,"Teague,Marquis","teaguma01",2012,0,0,0,0
30,"Ezeli,Festus","ezelife01",2012,0,0,0,0
31,"Taylor,Jeffery","tayloje03",2012,0,0,0,0
32,"Satoranský,Tomáš","satorto01",2012,0,0,0,0
33,"James,Bernard","jamesbe01",2012,0,0,0,0
34,"Crowder,Jae","crowdja01",2012,0,0,0,0
35,"Green,Draymond","greendr01",2012,3,0,1,1
36,"Johnson,Orlando","johnsor01",2012,0,0,0,0
37,"Acy,Quincy","acyqu01",2012,0,0,0,0
38,"Miller,Quincy","millequ01",2012,0,0,0,0
39,"Middleton,Khris","middlkh01",2012,2,0,0,0
40,"Barton,Will","bartowi01",2012,0,0,0,0
41,"Taylor,Tyshawn","tayloty01",2012,0,0,0,0
42,"Lamb,Doron","lambdo01",2012,0,0,0,0
43,"Scott,Mike","scottmi01",2012,0,0,0,0
44,"English,Kim","engliki01",2012,0,0,0,0
45,"Hamilton,Justin","hamilju01",2012,0,0,0,0
46,"Miller,Darius","milleda01",2012,0,0,0,0
47,"Murphy,Kevin","murphke01",2012,0,0,0,0
48,"Papanikolaou,Kostas","papanko01",2012,0,0,0,0
49,"O'Quinn,Kyle","oquinky01",2012,0,0,0,0
50,"Türkyılmaz,İzzet","turkyiz01",2012,0,0,0,0
51,"Joseph,Kris","josepkr01",2012,0,0,0,0
52,"Kuzmić,Ognjen","kuzmiog01",2012,0,0,0,0
53,"Aldemir,Furkan","aldemfu01",2012,0,0,0,0
54,"Shengelia,Tornike","shengto01",2012,0,0,0,0
55,"Johnson-Odom,Darius","johnsda03",2012,0,0,0,0
56,"Zubčić,Tomislav","zubcito01",2012,0,0,0,0
57,"Karaman,İlkan","karamil01",2012,0,0,0,0
58,"Hummel,Robbie","hummero01",2012,0,0,0,0
59,"Denmon,Marcus","denmoma01",2012,0,0,0,0
60,"Sacre,Robert","sacrero01",2012,0,0,0,0
